{"total_reward": -135.3610169491527, "loss": 484.2306823730469, "_timestamp": 1717628112.5764728, "_runtime": 178.33076167106628, "_step": 13, "_wandb": {"runtime": 186}}