{"total_reward": -47.05479452054867, "loss": 1.9073165655136108, "_timestamp": 1717628951.0817196, "_runtime": 171.44720554351807, "_step": 12, "_wandb": {"runtime": 171}}