{"total_reward": -21.056338028169286, "loss": 0.9086472392082214, "_timestamp": 1717627893.481476, "_runtime": 77.90844106674194, "_step": 4, "_wandb": {"runtime": 76}}