{"total_reward": 56.62454873646607, "loss": 10.576932907104492, "_timestamp": 1717629147.9024599, "_runtime": 144.25537395477295, "_step": 10, "_wandb": {"runtime": 142}}